Stableton Morningstar PitchBook Unicorn 20 AMC All Investors - CH1234846777 (USD),,,,,,,,,,
Date,CCY Chart Price,Chart Price,CCY Adjusted Chart Price,Adjusted Chart Price,CCY Total Return Chart Price,Total Return Chart Price,Net Asset Value,Issue Price,Redemption Price,Closing Price
16/06/2023,USD,99.74,USD,99.74,USD,99.74,99.74,,,
19/06/2023,USD,99.72,USD,99.72,USD,99.72,99.72,,,
20/06/2023,USD,99.71,USD,99.71,USD,99.71,99.71,,,
21/06/2023,USD,99.7,USD,99.7,USD,99.7,99.7,,,
22/06/2023,USD,99.69,USD,99.69,USD,99.69,99.69,,,
23/06/2023,USD,99.68,USD,99.68,USD,99.68,99.68,,,
26/06/2023,USD,99.66,USD,99.66,USD,99.66,99.66,,,
27/06/2023,USD,99.65,USD,99.65,USD,99.65,99.65,,,
28/06/2023,USD,99.64,USD,99.64,USD,99.64,99.64,,,
29/06/2023,USD,99.63,USD,99.63,USD,99.63,99.63,,,
30/06/2023,USD,99.62,USD,99.62,USD,99.62,99.62,,,
03/07/2023,USD,99.6,USD,99.6,USD,99.6,99.6,,,
04/07/2023,USD,99.59,USD,99.59,USD,99.59,99.59,,,
05/07/2023,USD,99.58,USD,99.58,USD,99.58,99.58,,,
06/07/2023,USD,99.57,USD,99.57,USD,99.57,99.57,,,
07/07/2023,USD,99.46,USD,99.46,USD,99.46,99.46,,,
10/07/2023,USD,99.44,USD,99.44,USD,99.44,99.44,,,
11/07/2023,USD,99.43,USD,99.43,USD,99.43,99.43,,,
12/07/2023,USD,99.42,USD,99.42,USD,99.42,99.42,,,
13/07/2023,USD,99.41,USD,99.41,USD,99.41,99.41,,,
14/07/2023,USD,99.4,USD,99.4,USD,99.4,99.4,,,
17/07/2023,USD,99.38,USD,99.38,USD,99.38,99.38,,,
18/07/2023,USD,99.37,USD,99.37,USD,99.37,99.37,,,
19/07/2023,USD,99.36,USD,99.36,USD,99.36,99.36,,,
20/07/2023,USD,99.35,USD,99.35,USD,99.35,99.35,,,
21/07/2023,USD,99.34,USD,99.34,USD,99.34,99.34,,,
24/07/2023,USD,99.32,USD,99.32,USD,99.32,99.32,,,
25/07/2023,USD,99.31,USD,99.31,USD,99.31,99.31,,,
26/07/2023,USD,99.3,USD,99.3,USD,99.3,99.3,,,
27/07/2023,USD,99.29,USD,99.29,USD,99.29,99.29,,,
28/07/2023,USD,99.28,USD,99.28,USD,99.28,99.28,,,
31/07/2023,USD,99.26,USD,99.26,USD,99.26,99.26,,,
02/08/2023,USD,99.24,USD,99.24,USD,99.24,99.24,,,
03/08/2023,USD,99.23,USD,99.23,USD,99.23,99.23,,,
04/08/2023,USD,99.23,USD,99.23,USD,99.23,99.23,,,
07/08/2023,USD,99.2,USD,99.2,USD,99.2,99.2,,,
08/08/2023,USD,99.19,USD,99.19,USD,99.19,99.19,,,
09/08/2023,USD,99.18,USD,99.18,USD,99.18,99.18,,,
10/08/2023,USD,99.17,USD,99.17,USD,99.17,99.17,,,
11/08/2023,USD,99.17,USD,99.17,USD,99.17,99.17,,,
14/08/2023,USD,99.14,USD,99.14,USD,99.14,99.14,,,
15/08/2023,USD,99.13,USD,99.13,USD,99.13,99.13,,,
16/08/2023,USD,99.12,USD,99.12,USD,99.12,99.12,,,
17/08/2023,USD,99.12,USD,99.12,USD,99.12,99.12,,,
18/08/2023,USD,99.11,USD,99.11,USD,99.11,99.11,,,
22/08/2023,USD,99.07,USD,99.07,USD,99.07,99.07,,,
23/08/2023,USD,99.07,USD,99.07,USD,99.07,99.07,,,
24/08/2023,USD,99.06,USD,99.06,USD,99.06,99.06,,,
25/08/2023,USD,99.05,USD,99.05,USD,99.05,99.05,,,
28/08/2023,USD,99.03,USD,99.03,USD,99.03,99.03,,,
29/08/2023,USD,99.02,USD,99.02,USD,99.02,99.02,,,
30/08/2023,USD,99.01,USD,99.01,USD,99.01,99.01,,,
31/08/2023,USD,99,USD,99,USD,99,99,,,
01/09/2023,USD,98.99,USD,98.99,USD,98.99,98.99,,,
04/09/2023,USD,98.97,USD,98.97,USD,98.97,98.97,,,
05/09/2023,USD,98.96,USD,98.96,USD,98.96,98.96,,,
06/09/2023,USD,98.95,USD,98.95,USD,98.95,98.95,,,
07/09/2023,USD,98.94,USD,98.94,USD,98.94,98.94,,,
08/09/2023,USD,99.04,USD,99.04,USD,99.04,99.04,,,
11/09/2023,USD,99.01,USD,99.01,USD,99.01,99.01,,,
12/09/2023,USD,98.99,USD,98.99,USD,98.99,98.99,,,
13/09/2023,USD,98.98,USD,98.98,USD,98.98,98.98,,,
14/09/2023,USD,98.97,USD,98.97,USD,98.97,98.97,,,
15/09/2023,USD,99.13,USD,99.13,USD,99.13,99.13,,,
18/09/2023,USD,98.94,USD,98.94,USD,98.94,98.94,,,
19/09/2023,USD,99.09,USD,99.09,USD,99.09,99.09,,,
20/09/2023,USD,99.06,USD,99.06,USD,99.06,99.06,,,
21/09/2023,USD,99.06,USD,99.06,USD,99.06,99.06,,,
22/09/2023,USD,99.46,USD,99.46,USD,99.46,99.46,,,
25/09/2023,USD,99.43,USD,99.43,USD,99.43,99.43,,,
26/09/2023,USD,99.42,USD,99.42,USD,99.42,99.42,,,
27/09/2023,USD,99.42,USD,99.42,USD,99.42,99.42,,,
28/09/2023,USD,99.41,USD,99.41,USD,99.41,99.41,,,
29/09/2023,USD,99.13,USD,99.13,USD,99.13,99.13,,,
02/10/2023,USD,99.11,USD,99.11,USD,99.11,99.11,,,
03/10/2023,USD,99.1,USD,99.1,USD,99.1,99.1,,,
04/10/2023,USD,99.09,USD,99.09,USD,99.09,99.09,,,
05/10/2023,USD,99.08,USD,99.08,USD,99.08,99.08,,,
06/10/2023,USD,98.9,USD,98.9,USD,98.9,98.9,,,
09/10/2023,USD,98.88,USD,98.88,USD,98.88,98.88,,,
10/10/2023,USD,98.87,USD,98.87,USD,98.87,98.87,,,
11/10/2023,USD,98.86,USD,98.86,USD,98.86,98.86,,,
12/10/2023,USD,98.85,USD,98.85,USD,98.85,98.85,,,
13/10/2023,USD,98.73,USD,98.73,USD,98.73,98.73,,,
16/10/2023,USD,98.7,USD,98.7,USD,98.7,98.7,,,
17/10/2023,USD,98.69,USD,98.69,USD,98.69,98.69,,,
18/10/2023,USD,98.69,USD,98.69,USD,98.69,98.69,,,
19/10/2023,USD,98.68,USD,98.68,USD,98.68,98.68,,,
20/10/2023,USD,98.31,USD,98.31,USD,98.31,98.31,,,
23/10/2023,USD,98.29,USD,98.29,USD,98.29,98.29,,,
24/10/2023,USD,98.28,USD,98.28,USD,98.28,98.28,,,
25/10/2023,USD,98.27,USD,98.27,USD,98.27,98.27,,,
26/10/2023,USD,98.26,USD,98.26,USD,98.26,98.26,,,
27/10/2023,USD,100.61,USD,100.61,USD,100.61,100.61,,,
30/10/2023,USD,100.58,USD,100.58,USD,100.58,100.58,,,
31/10/2023,USD,100.57,USD,100.57,USD,100.57,100.57,,,
01/11/2023,USD,100.57,USD,100.57,USD,100.57,100.57,,,
02/11/2023,USD,100.56,USD,100.56,USD,100.56,100.56,,,
03/11/2023,USD,97.63,USD,97.63,USD,97.63,97.63,,,
06/11/2023,USD,97.6,USD,97.6,USD,97.6,97.6,,,
07/11/2023,USD,97.6,USD,97.6,USD,97.6,97.6,,,
08/11/2023,USD,97.59,USD,97.59,USD,97.59,97.59,,,
09/11/2023,USD,97.58,USD,97.58,USD,97.58,97.58,,,
10/11/2023,USD,97.58,USD,97.58,USD,97.58,97.58,,,
13/11/2023,USD,97.54,USD,97.54,USD,97.54,97.54,,,
14/11/2023,USD,97.53,USD,97.53,USD,97.53,97.53,,,
15/11/2023,USD,97.5,USD,97.5,USD,97.5,97.5,,,
16/11/2023,USD,97.49,USD,97.49,USD,97.49,97.49,,,
17/11/2023,USD,97.48,USD,97.48,USD,97.48,97.48,,,
20/11/2023,USD,98.65,USD,98.65,USD,98.65,98.65,,,
21/11/2023,USD,98.64,USD,98.64,USD,98.64,98.64,,,
22/11/2023,USD,98.63,USD,98.63,USD,98.63,98.63,,,
23/11/2023,USD,98.63,USD,98.63,USD,98.63,98.63,,,
24/11/2023,USD,98.67,USD,98.67,USD,98.67,98.67,,,
27/11/2023,USD,98.64,USD,98.64,USD,98.64,98.64,,,
28/11/2023,USD,98.64,USD,98.64,USD,98.64,98.64,,,
29/11/2023,USD,98.63,USD,98.63,USD,98.63,98.63,,,
30/11/2023,USD,98.62,USD,98.62,USD,98.62,98.62,,,
01/12/2023,USD,99.81,USD,99.81,USD,99.81,99.81,,,
04/12/2023,USD,99.78,USD,99.78,USD,99.78,99.78,,,
05/12/2023,USD,99.77,USD,99.77,USD,99.77,99.77,,,
06/12/2023,USD,99.77,USD,99.77,USD,99.77,99.77,,,
07/12/2023,USD,99.76,USD,99.76,USD,99.76,99.76,,,
08/12/2023,USD,99.45,USD,99.45,USD,99.45,99.45,,,
11/12/2023,USD,99.43,USD,99.43,USD,99.43,99.43,,,
12/12/2023,USD,99.42,USD,99.42,USD,99.42,99.42,,,
13/12/2023,USD,99.41,USD,99.41,USD,99.41,99.41,,,
14/12/2023,USD,99.4,USD,99.4,USD,99.4,99.4,,,
15/12/2023,USD,99.87,USD,99.87,USD,99.87,99.87,,,
18/12/2023,USD,99.84,USD,99.84,USD,99.84,99.84,,,
19/12/2023,USD,99.84,USD,99.84,USD,99.84,99.84,,,
20/12/2023,USD,99.8,USD,99.8,USD,99.8,99.8,,,
21/12/2023,USD,99.8,USD,99.8,USD,99.8,99.8,,,
22/12/2023,USD,99.79,USD,99.79,USD,99.79,99.79,,,
27/12/2023,USD,99.75,USD,99.75,USD,99.75,99.75,,,
28/12/2023,USD,100.12,USD,100.12,USD,100.12,100.12,,,
29/12/2023,USD,99.89,USD,99.89,USD,99.89,99.89,,,
03/01/2024,USD,99.85,USD,99.85,USD,99.85,99.85,,,
04/01/2024,USD,99.84,USD,99.84,USD,99.84,99.84,,,
05/01/2024,USD,99.43,USD,99.43,USD,99.43,99.43,,,
08/01/2024,USD,99.4,USD,99.4,USD,99.4,99.4,,,
09/01/2024,USD,99.39,USD,99.39,USD,99.39,99.39,,,
10/01/2024,USD,99.39,USD,99.39,USD,99.39,99.39,,,
11/01/2024,USD,99.38,USD,99.38,USD,99.38,99.38,,,
12/01/2024,USD,99.89,USD,99.89,USD,99.89,99.89,,,
15/01/2024,USD,99.87,USD,99.87,USD,99.87,99.87,,,
16/01/2024,USD,99.86,USD,99.86,USD,99.86,99.86,,,
17/01/2024,USD,99.85,USD,99.85,USD,99.85,99.85,,,
18/01/2024,USD,99.84,USD,99.84,USD,99.84,99.84,,,
19/01/2024,USD,99.44,USD,99.44,USD,99.44,99.44,,,
22/01/2024,USD,99.41,USD,99.41,USD,99.41,99.41,,,
23/01/2024,USD,99.4,USD,99.4,USD,99.4,99.4,,,
24/01/2024,USD,99.4,USD,99.4,USD,99.4,99.4,,,
25/01/2024,USD,99.39,USD,99.39,USD,99.39,99.39,,,
26/01/2024,USD,98.25,USD,98.25,USD,98.25,98.25,,,
29/01/2024,USD,98.23,USD,98.23,USD,98.23,98.23,,,
30/01/2024,USD,98.22,USD,98.22,USD,98.22,98.22,,,
31/01/2024,USD,98.21,USD,98.21,USD,98.21,98.21,,,
01/02/2024,USD,98.21,USD,98.21,USD,98.21,98.21,,,
02/02/2024,USD,98.06,USD,98.06,USD,98.06,98.06,,,
05/02/2024,USD,98.04,USD,98.04,USD,98.04,98.04,,,
06/02/2024,USD,98.03,USD,98.03,USD,98.03,98.03,,,
07/02/2024,USD,98.02,USD,98.02,USD,98.02,98.02,,,
08/02/2024,USD,98.01,USD,98.01,USD,98.01,98.01,,,
09/02/2024,USD,98.9,USD,98.9,USD,98.9,98.9,,,
12/02/2024,USD,98.88,USD,98.88,USD,98.88,98.88,,,
13/02/2024,USD,98.87,USD,98.87,USD,98.87,98.87,,,
14/02/2024,USD,98.96,USD,98.96,USD,98.96,98.96,,,
15/02/2024,USD,98.96,USD,98.96,USD,98.96,98.96,,,
16/02/2024,USD,101.53,USD,101.53,USD,101.53,101.53,,,
19/02/2024,USD,101.5,USD,101.5,USD,101.5,101.5,,,
20/02/2024,USD,101.49,USD,101.49,USD,101.49,101.49,,,
21/02/2024,USD,101.48,USD,101.48,USD,101.48,101.48,,,
22/02/2024,USD,101.47,USD,101.47,USD,101.47,101.47,,,
23/02/2024,USD,100.38,USD,100.38,USD,100.38,100.38,,,
26/02/2024,USD,100.36,USD,100.36,USD,100.36,100.36,,,
27/02/2024,USD,100.35,USD,100.35,USD,100.35,100.35,,,
28/02/2024,USD,100.34,USD,100.34,USD,100.34,100.34,,,
29/02/2024,USD,100.33,USD,100.33,USD,100.33,100.33,,,
01/03/2024,USD,101.07,USD,101.07,USD,101.07,101.07,,,
04/03/2024,USD,101.05,USD,101.05,USD,101.05,101.05,,,
05/03/2024,USD,101.04,USD,101.04,USD,101.04,101.04,,,
06/03/2024,USD,101.03,USD,101.03,USD,101.03,101.03,,,
07/03/2024,USD,101.02,USD,101.02,USD,101.02,101.02,,,
08/03/2024,USD,100.54,USD,100.54,USD,100.54,100.54,,,
11/03/2024,USD,100.52,USD,100.52,USD,100.52,100.52,,,
12/03/2024,USD,100.51,USD,100.51,USD,100.51,100.51,,,
13/03/2024,USD,100.5,USD,100.5,USD,100.5,100.5,,,
14/03/2024,USD,100.49,USD,100.49,USD,100.49,100.49,,,
15/03/2024,USD,101.82,USD,101.82,USD,101.82,101.82,,,
18/03/2024,USD,101.79,USD,101.79,USD,101.79,101.79,,,
20/03/2024,USD,101.75,USD,101.75,USD,101.75,101.75,,,
21/03/2024,USD,101.74,USD,101.74,USD,101.74,101.74,,,
22/03/2024,USD,102.1,USD,102.1,USD,102.1,102.1,,,
25/03/2024,USD,102.07,USD,102.07,USD,102.07,102.07,,,
26/03/2024,USD,102.06,USD,102.06,USD,102.06,102.06,,,
27/03/2024,USD,102.06,USD,102.06,USD,102.06,102.06,,,
28/03/2024,USD,102.05,USD,102.05,USD,102.05,102.05,,,
02/04/2024,USD,102.01,USD,102.01,USD,102.01,102.01,,,
03/04/2024,USD,103.1,USD,103.1,USD,103.1,103.1,,,
04/04/2024,USD,103.09,USD,103.09,USD,103.09,103.09,,,
05/04/2024,USD,103.52,USD,103.52,USD,103.52,103.52,,,
08/04/2024,USD,103.5,USD,103.5,USD,103.5,103.5,,,
09/04/2024,USD,103.49,USD,103.49,USD,103.49,103.49,,,
10/04/2024,USD,103.48,USD,103.48,USD,103.48,103.48,,,
11/04/2024,USD,103.47,USD,103.47,USD,103.47,103.47,,,
12/04/2024,USD,104.28,USD,104.28,USD,104.28,104.28,,,
15/04/2024,USD,104.26,USD,104.26,USD,104.26,104.26,,,
16/04/2024,USD,104.25,USD,104.25,USD,104.25,104.25,,,
17/04/2024,USD,104.24,USD,104.24,USD,104.24,104.24,,,
18/04/2024,USD,105.48,USD,105.48,USD,105.48,105.48,,,
19/04/2024,USD,102.95,USD,102.95,USD,102.95,102.95,,,
22/04/2024,USD,102.93,USD,102.93,USD,102.93,102.93,,,
23/04/2024,USD,102.92,USD,102.92,USD,102.92,102.92,,,
24/04/2024,USD,102.91,USD,102.91,USD,102.91,102.91,,,
25/04/2024,USD,102.91,USD,102.91,USD,102.91,102.91,,,
26/04/2024,USD,103.2,USD,103.2,USD,103.2,103.2,,,
29/04/2024,USD,103.18,USD,103.18,USD,103.18,103.18,,,
30/04/2024,USD,103.17,USD,103.17,USD,103.17,103.17,,,
02/05/2024,USD,103.15,USD,103.15,USD,103.15,103.15,,,
03/05/2024,USD,103.22,USD,103.22,USD,103.22,103.22,,,
06/05/2024,USD,103.2,USD,103.2,USD,103.2,103.2,,,
07/05/2024,USD,103.18,USD,103.18,USD,103.18,103.18,,,
08/05/2024,USD,103.17,USD,103.17,USD,103.17,103.17,,,
10/05/2024,USD,102.42,USD,102.42,USD,102.42,102.42,,,
13/05/2024,USD,102.39,USD,102.39,USD,102.39,102.39,,,
14/05/2024,USD,102.39,USD,102.39,USD,102.39,102.39,,,
15/05/2024,USD,102.38,USD,102.38,USD,102.38,102.38,,,
16/05/2024,USD,102.37,USD,102.37,USD,102.37,102.37,,,
17/05/2024,USD,102.58,USD,102.58,USD,102.58,102.58,,,
21/05/2024,USD,102.55,USD,102.55,USD,102.55,102.55,,,
22/05/2024,USD,102.54,USD,102.54,USD,102.54,102.54,,,
23/05/2024,USD,102.53,USD,102.53,USD,102.53,102.53,,,
24/05/2024,USD,101.69,USD,101.69,USD,101.69,101.69,,,
27/05/2024,USD,101.67,USD,101.67,USD,101.67,101.67,,,
28/05/2024,USD,101.66,USD,101.66,USD,101.66,101.66,,,
29/05/2024,USD,101.65,USD,101.65,USD,101.65,101.65,,,
30/05/2024,USD,101.55,USD,101.55,USD,101.55,101.55,,,
31/05/2024,USD,103.02,USD,103.02,USD,103.02,103.02,,,
03/06/2024,USD,103,USD,103,USD,103,103,,,
04/06/2024,USD,102.99,USD,102.99,USD,102.99,102.99,,,
05/06/2024,USD,102.98,USD,102.98,USD,102.98,102.98,,,
06/06/2024,USD,102.971,USD,102.971,USD,102.971,102.971,,,
07/06/2024,USD,102.964,USD,102.964,USD,102.964,102.964,,,
10/06/2024,USD,103.757,USD,103.757,USD,103.757,103.757,,,
11/06/2024,USD,103.742,USD,103.742,USD,103.742,103.742,,,
12/06/2024,USD,103.734,USD,103.734,USD,103.734,103.734,,,
13/06/2024,USD,103.706,USD,103.706,USD,103.706,103.706,,,
14/06/2024,USD,105.212,USD,105.212,USD,105.212,105.212,,,
17/06/2024,USD,105.19,USD,105.19,USD,105.19,105.19,,,
18/06/2024,USD,105.18,USD,105.18,USD,105.18,105.18,,,
19/06/2024,USD,105.172,USD,105.172,USD,105.172,105.172,,,
20/06/2024,USD,105.142,USD,105.142,USD,105.142,105.142,,,
21/06/2024,USD,105.938,USD,105.938,USD,105.938,105.938,,,
24/06/2024,USD,105.902,USD,105.902,USD,105.902,105.902,,,
25/06/2024,USD,105.894,USD,105.894,USD,105.894,105.894,,,
26/06/2024,USD,105.887,USD,105.887,USD,105.887,105.887,,,
27/06/2024,USD,105.88,USD,105.88,USD,105.88,105.88,,,
28/06/2024,USD,106.235,USD,106.235,USD,106.235,106.235,,,
01/07/2024,USD,106.202,USD,106.202,USD,106.202,106.202,,,
02/07/2024,USD,106.194,USD,106.194,USD,106.194,106.194,,,
03/07/2024,USD,106.187,USD,106.187,USD,106.187,106.187,,,
04/07/2024,USD,106.18,USD,106.18,USD,106.18,106.18,,,
05/07/2024,USD,107.457,USD,107.457,USD,107.457,107.457,,,
08/07/2024,USD,107.438,USD,107.438,USD,107.438,107.438,,,
09/07/2024,USD,107.423,USD,107.423,USD,107.423,107.423,,,
10/07/2024,USD,107.415,USD,107.415,USD,107.415,107.415,,,
11/07/2024,USD,107.408,USD,107.408,USD,107.408,107.408,,,
12/07/2024,USD,107.649,USD,107.649,USD,107.649,107.649,,,
15/07/2024,USD,107.629,USD,107.629,USD,107.629,107.629,,,
16/07/2024,USD,107.621,USD,107.621,USD,107.621,107.621,,,
17/07/2024,USD,107.584,USD,107.584,USD,107.584,107.584,,,
18/07/2024,USD,107.532,USD,107.532,USD,107.532,107.532,,,
19/07/2024,USD,108.23,USD,108.23,USD,108.23,108.23,,,
22/07/2024,USD,108.207,USD,108.207,USD,108.207,108.207,,,
23/07/2024,USD,108.2,USD,108.2,USD,108.2,108.2,,,
24/07/2024,USD,108.193,USD,108.193,USD,108.193,108.193,,,
25/07/2024,USD,108.185,USD,108.185,USD,108.185,108.185,,,
26/07/2024,USD,108.689,USD,108.689,USD,108.689,108.689,,,
29/07/2024,USD,108.667,USD,108.667,USD,108.667,108.667,,,
30/07/2024,USD,108.659,USD,108.659,USD,108.659,108.659,,,
31/07/2024,USD,108.652,USD,108.652,USD,108.652,108.652,,,
05/08/2024,USD,108.393,USD,108.393,USD,108.393,108.393,,,
06/08/2024,USD,108.385,USD,108.385,USD,108.385,108.385,,,
07/08/2024,USD,108.384,USD,108.384,USD,108.384,108.384,,,
08/08/2024,USD,108.377,USD,108.377,USD,108.377,108.377,,,
09/08/2024,USD,108.37,USD,108.37,USD,108.37,108.37,,,
12/08/2024,USD,108.347,USD,108.347,USD,108.347,108.347,,,
13/08/2024,USD,106.765,USD,106.765,USD,106.765,106.765,,,
14/08/2024,USD,106.758,USD,106.758,USD,106.758,106.758,,,
15/08/2024,USD,106.751,USD,106.751,USD,106.751,106.751,,,
16/08/2024,USD,106.744,USD,106.744,USD,106.744,106.744,,,
19/08/2024,USD,106.724,USD,106.724,USD,106.724,106.724,,,
20/08/2024,USD,106.686,USD,106.686,USD,106.686,106.686,,,
21/08/2024,USD,106.678,USD,106.678,USD,106.678,106.678,,,
22/08/2024,USD,106.67,USD,106.67,USD,106.67,106.67,,,
23/08/2024,USD,106.483,USD,106.483,USD,106.483,106.483,,,
27/08/2024,USD,106.511,USD,106.511,USD,106.511,106.511,,,
28/08/2024,USD,106.446,USD,106.446,USD,106.446,106.446,,,
29/08/2024,USD,106.438,USD,106.438,USD,106.438,106.438,,,
30/08/2024,USD,106.431,USD,106.431,USD,106.431,106.431,,,
02/09/2024,USD,106.802,USD,106.802,USD,106.802,106.802,,,
03/09/2024,USD,108.103,USD,108.103,USD,108.103,108.103,,,
04/09/2024,USD,106.786,USD,106.786,USD,106.786,106.786,,,
05/09/2024,USD,106.779,USD,106.779,USD,106.779,106.779,,,
06/09/2024,USD,107.022,USD,107.022,USD,107.022,107.022,,,
09/09/2024,USD,107.002,USD,107.002,USD,107.002,107.002,,,
10/09/2024,USD,106.993,USD,106.993,USD,106.993,106.993,,,
11/09/2024,USD,106.986,USD,106.986,USD,106.986,106.986,,,
12/09/2024,USD,106.979,USD,106.979,USD,106.979,106.979,,,
13/09/2024,USD,106.558,USD,106.558,USD,106.558,106.558,,,
17/09/2024,USD,106.53,USD,106.53,USD,106.53,106.53,,,
18/09/2024,USD,106.522,USD,106.522,USD,106.522,106.522,,,
19/09/2024,USD,106.515,USD,106.515,USD,106.515,106.515,,,
20/09/2024,USD,106.564,USD,106.564,USD,106.564,106.564,,,
23/09/2024,USD,106.544,USD,106.544,USD,106.544,106.544,,,
24/09/2024,USD,106.536,USD,106.536,USD,106.536,106.536,,,
25/09/2024,USD,106.528,USD,106.528,USD,106.528,106.528,,,
26/09/2024,USD,106.521,USD,106.521,USD,106.521,106.521,,,
27/09/2024,USD,105.08,USD,105.08,USD,105.08,105.08,,,
30/09/2024,USD,105.058,USD,105.058,USD,105.058,105.058,,,
01/10/2024,USD,105.051,USD,105.051,USD,105.051,105.051,,,
02/10/2024,USD,105.044,USD,105.044,USD,105.044,105.044,,,
03/10/2024,USD,105.036,USD,105.036,USD,105.036,105.036,,,
04/10/2024,USD,105.053,USD,105.053,USD,105.053,105.053,,,
07/10/2024,USD,105.031,USD,105.031,USD,105.031,105.031,,,
08/10/2024,USD,105.024,USD,105.024,USD,105.024,105.024,,,
10/10/2024,USD,105.01,USD,105.01,USD,105.01,105.01,,,
11/10/2024,USD,105.948,USD,105.948,USD,105.948,105.948,,,
14/10/2024,USD,105.926,USD,105.926,USD,105.926,105.926,,,
15/10/2024,USD,105.919,USD,105.919,USD,105.919,105.919,,,
16/10/2024,USD,105.912,USD,105.912,USD,105.912,105.912,,,
17/10/2024,USD,105.905,USD,105.905,USD,105.905,105.905,,,
18/10/2024,USD,106.212,USD,106.212,USD,106.212,106.212,,,
21/10/2024,USD,106.193,USD,106.193,USD,106.193,106.193,,,
22/10/2024,USD,106.186,USD,106.186,USD,106.186,106.186,,,
23/10/2024,USD,106.178,USD,106.178,USD,106.178,106.178,,,
24/10/2024,USD,106.171,USD,106.171,USD,106.171,106.171,,,
25/10/2024,USD,107.406,USD,107.406,USD,107.406,107.406,,,
31/10/2024,USD,109.191,USD,109.191,USD,109.191,109.191,,,
01/11/2024,USD,109.183,USD,109.183,USD,109.183,109.183,,,
04/11/2024,USD,109.161,USD,109.161,USD,109.161,109.161,,,
05/11/2024,USD,109.154,USD,109.154,USD,109.154,109.154,,,
06/11/2024,USD,109.146,USD,109.146,USD,109.146,109.146,,,
07/11/2024,USD,109.139,USD,109.139,USD,109.139,109.139,,,
08/11/2024,USD,108.688,USD,108.688,USD,108.688,108.688,,,
11/11/2024,USD,108.667,USD,108.667,USD,108.667,108.667,,,
12/11/2024,USD,108.659,USD,108.659,USD,108.659,108.659,,,
13/11/2024,USD,108.684,USD,108.684,USD,108.684,108.684,,,
14/11/2024,USD,108.676,USD,108.676,USD,108.676,108.676,,,
15/11/2024,USD,111.103,USD,111.103,USD,111.103,111.103,,,
18/11/2024,USD,111.081,USD,111.081,USD,111.081,111.081,,,
19/11/2024,USD,111.073,USD,111.073,USD,111.073,111.073,,,
20/11/2024,USD,111.066,USD,111.066,USD,111.066,111.066,,,
21/11/2024,USD,111.058,USD,111.058,USD,111.058,111.058,,,
22/11/2024,USD,111.182,USD,111.182,USD,111.182,111.182,,,
25/11/2024,USD,111.16,USD,111.16,USD,111.16,111.16,,,
26/11/2024,USD,111.152,USD,111.152,USD,111.152,111.152,,,
27/11/2024,USD,111.145,USD,111.145,USD,111.145,111.145,,,
28/11/2024,USD,111.137,USD,111.137,USD,111.137,111.137,,,
29/11/2024,USD,112.295,USD,112.295,USD,112.295,112.295,,,
02/12/2024,USD,112.272,USD,112.272,USD,112.272,112.272,,,
03/12/2024,USD,112.264,USD,112.264,USD,112.264,112.264,,,
04/12/2024,USD,112.256,USD,112.256,USD,112.256,112.256,,,
05/12/2024,USD,112.249,USD,112.249,USD,112.249,112.249,,,
06/12/2024,USD,113.735,USD,113.735,USD,113.735,113.735,,,
09/12/2024,USD,113.712,USD,113.712,USD,113.712,113.712,,,
10/12/2024,USD,113.703,USD,113.703,USD,113.703,113.703,,,
11/12/2024,USD,113.695,USD,113.695,USD,113.695,113.695,,,
12/12/2024,USD,113.688,USD,113.688,USD,113.688,113.688,,,
13/12/2024,USD,110.648,USD,110.648,USD,110.648,110.648,,,
16/12/2024,USD,110.626,USD,110.626,USD,110.626,110.626,,,
17/12/2024,USD,110.619,USD,110.619,USD,110.619,110.619,,,
18/12/2024,USD,110.611,USD,110.611,USD,110.611,110.611,,,
19/12/2024,USD,110.604,USD,110.604,USD,110.604,110.604,,,
20/12/2024,USD,110.992,USD,110.992,USD,110.992,110.992,,,
24/12/2024,USD,110.963,USD,110.963,USD,110.963,110.963,,,
27/12/2024,USD,110.94,USD,110.94,USD,110.94,110.94,,,
30/12/2024,USD,110.918,USD,110.918,USD,110.918,110.918,,,
03/01/2025,USD,110.888,USD,110.888,USD,110.888,110.888,,,
06/01/2025,USD,110.867,USD,110.867,USD,110.867,110.867,,,
07/01/2025,USD,110.86,USD,110.86,USD,110.86,110.86,,,
08/01/2025,USD,112.966,USD,112.966,USD,112.966,112.966,,,
09/01/2025,USD,112.958,USD,112.958,USD,112.958,112.958,,,
10/01/2025,USD,112.863,USD,112.863,USD,112.863,112.863,,,
14/01/2025,USD,112.85,USD,112.85,USD,112.85,112.85,,,
15/01/2025,USD,112.825,USD,112.825,USD,112.825,112.825,,,
16/01/2025,USD,112.817,USD,112.817,USD,112.817,112.817,,,
17/01/2025,USD,112.466,USD,112.466,USD,112.466,112.466,,,
20/01/2025,USD,112.443,USD,112.443,USD,112.443,112.443,,,
21/01/2025,USD,112.436,USD,112.436,USD,112.436,112.436,,,
22/01/2025,USD,112.428,USD,112.428,USD,112.428,112.428,,,
23/01/2025,USD,112.42,USD,112.42,USD,112.42,112.42,,,
24/01/2025,USD,113.764,USD,113.764,USD,113.764,113.764,,,
27/01/2025,USD,113.739,USD,113.739,USD,113.739,113.739,,,
28/01/2025,USD,113.732,USD,113.732,USD,113.732,113.732,,,
30/01/2025,USD,113.716,USD,113.716,USD,113.716,113.716,,,
31/01/2025,USD,117.316,USD,117.316,USD,117.316,117.316,,,
03/02/2025,USD,117.325,USD,117.325,USD,117.325,117.325,,,
04/02/2025,USD,117.317,USD,117.317,USD,117.317,117.317,,,
05/02/2025,USD,117.309,USD,117.309,USD,117.309,117.309,,,
06/02/2025,USD,117.302,USD,117.302,USD,117.302,117.302,,,
07/02/2025,USD,118.58,USD,118.58,USD,118.58,118.58,,,
10/02/2025,USD,118.556,USD,118.556,USD,118.556,118.556,,,
11/02/2025,USD,118.548,USD,118.548,USD,118.548,118.548,,,
12/02/2025,USD,118.54,USD,118.54,USD,118.54,118.54,,,
13/02/2025,USD,118.528,USD,118.528,USD,118.528,118.528,,,
14/02/2025,USD,118.5,USD,118.5,USD,118.5,118.5,,,
17/02/2025,USD,118.472,USD,118.472,USD,118.472,118.472,,,
20/02/2025,USD,118.449,USD,118.449,USD,118.449,118.449,,,
21/02/2025,USD,122.462,USD,122.462,USD,122.462,122.462,,,
24/02/2025,USD,122.439,USD,122.439,USD,122.439,122.439,,,
25/02/2025,USD,122.431,USD,122.431,USD,122.431,122.431,,,
26/02/2025,USD,122.422,USD,122.422,USD,122.422,122.422,,,
27/02/2025,USD,122.414,USD,122.414,USD,122.414,122.414,,,
28/02/2025,USD,125.287,USD,125.287,USD,125.287,125.287,,,
03/03/2025,USD,125.262,USD,125.262,USD,125.262,125.262,,,
04/03/2025,USD,125.254,USD,125.254,USD,125.254,125.254,,,
05/03/2025,USD,125.245,USD,125.245,USD,125.245,125.245,,,
06/03/2025,USD,125.237,USD,125.237,USD,125.237,125.237,,,
07/03/2025,USD,126.917,USD,126.917,USD,126.917,126.917,,,
10/03/2025,USD,126.89,USD,126.89,USD,126.89,126.89,,,
11/03/2025,USD,126.882,USD,126.882,USD,126.882,126.882,,,
12/03/2025,USD,126.873,USD,126.873,USD,126.873,126.873,,,
13/03/2025,USD,126.865,USD,126.865,USD,126.865,126.865,,,
14/03/2025,USD,128.289,USD,128.289,USD,128.289,128.289,,,
17/03/2025,USD,128.264,USD,128.264,USD,128.264,128.264,,,
18/03/2025,USD,128.255,USD,128.255,USD,128.255,128.255,,,
19/03/2025,USD,128.247,USD,128.247,USD,128.247,128.247,,,
20/03/2025,USD,128.209,USD,128.209,USD,128.209,128.209,,,
21/03/2025,USD,130.892,USD,130.892,USD,130.892,130.892,,,
24/03/2025,USD,130.868,USD,130.868,USD,130.868,130.868,,,
25/03/2025,USD,130.859,USD,130.859,USD,130.859,130.859,,,
26/03/2025,USD,130.851,USD,130.851,USD,130.851,130.851,,,
27/03/2025,USD,130.842,USD,130.842,USD,130.842,130.842,,,
28/03/2025,USD,129.883,USD,129.883,USD,129.883,129.883,,,
31/03/2025,USD,129.858,USD,129.858,USD,129.858,129.858,,,
01/04/2025,USD,129.848,USD,129.848,USD,129.848,129.848,,,
02/04/2025,USD,129.839,USD,129.839,USD,129.839,129.839,,,
03/04/2025,USD,129.828,USD,129.828,USD,129.828,129.828,,,
04/04/2025,USD,127.39,USD,127.39,USD,127.39,127.39,,,
07/04/2025,USD,127.365,USD,127.365,USD,127.365,127.365,,,
08/04/2025,USD,127.357,USD,127.357,USD,127.357,127.357,,,
09/04/2025,USD,127.348,USD,127.348,USD,127.348,127.348,,,
10/04/2025,USD,127.34,USD,127.34,USD,127.34,127.34,,,
11/04/2025,USD,126.472,USD,126.472,USD,126.472,126.472,,,
14/04/2025,USD,126.45,USD,126.45,USD,126.45,126.45,,,
15/04/2025,USD,126.441,USD,126.441,USD,126.441,126.441,,,
16/04/2025,USD,126.432,USD,126.432,USD,126.432,126.432,,,
17/04/2025,USD,126.424,USD,126.424,USD,126.424,126.424,,,
22/04/2025,USD,126.233,USD,126.233,USD,126.233,126.233,,,
23/04/2025,USD,125.122,USD,125.122,USD,125.122,125.122,,,
24/04/2025,USD,125.114,USD,125.114,USD,125.114,125.114,,,
25/04/2025,USD,127.838,USD,127.838,USD,127.838,127.838,,,
28/04/2025,USD,127.813,USD,127.813,USD,127.813,127.813,,,
29/04/2025,USD,127.804,USD,127.804,USD,127.804,127.804,,,
30/04/2025,USD,127.796,USD,127.796,USD,127.796,127.796,,,
02/05/2025,USD,127.779,USD,127.779,USD,127.779,127.779,,,
05/05/2025,USD,127.754,USD,127.754,USD,127.754,127.754,,,
12/05/2025,USD,128.31,USD,128.31,USD,128.31,128.31,,,
14/05/2025,USD,128.285,USD,128.285,USD,128.285,128.285,,,
16/05/2025,USD,128.268,USD,128.268,USD,128.268,128.268,,,
19/05/2025,USD,126.23,USD,126.23,USD,126.23,126.23,,,
20/05/2025,USD,126.222,USD,126.222,USD,126.222,126.222,,,
21/05/2025,USD,126.214,USD,126.214,USD,126.214,126.214,,,
22/05/2025,USD,126.206,USD,126.206,USD,126.206,126.206,,,
23/05/2025,USD,126.902,USD,126.902,USD,126.902,126.902,,,
26/05/2025,USD,126.878,USD,126.878,USD,126.878,126.878,,,
27/05/2025,USD,126.868,USD,126.868,USD,126.868,126.868,,,
28/05/2025,USD,126.853,USD,126.853,USD,126.853,126.853,,,
02/06/2025,USD,126.802,USD,126.802,USD,126.802,126.802,,,
03/06/2025,USD,126.425,USD,126.425,USD,126.425,126.425,,,
04/06/2025,USD,126.414,USD,126.414,USD,126.414,126.414,,,
05/06/2025,USD,126.407,USD,126.407,USD,126.407,126.407,,,
06/06/2025,USD,126.652,USD,126.652,USD,126.652,126.652,,,
10/06/2025,USD,126.623,USD,126.623,USD,126.623,126.623,,,
11/06/2025,USD,126.616,USD,126.616,USD,126.616,126.616,,,
12/06/2025,USD,126.609,USD,126.609,USD,126.609,126.609,,,
16/06/2025,USD,126.336,USD,126.336,USD,126.336,126.336,,,
17/06/2025,USD,126.327,USD,126.327,USD,126.327,126.327,,,
18/06/2025,USD,126.32,USD,126.32,USD,126.32,126.32,,,
19/06/2025,USD,126.313,USD,126.313,USD,126.313,126.313,,,
20/06/2025,USD,126.1,USD,126.1,USD,126.1,126.1,,,
23/06/2025,USD,126.079,USD,126.079,USD,126.079,126.079,,,
24/06/2025,USD,126.071,USD,126.071,USD,126.071,126.071,,,
25/06/2025,USD,126.064,USD,126.064,USD,126.064,126.064,,,
26/06/2025,USD,126.056,USD,126.056,USD,126.056,126.056,,,
27/06/2025,USD,126.569,USD,126.569,USD,126.569,126.569,,,
30/06/2025,USD,126.547,USD,126.547,USD,126.547,126.547,,,
01/07/2025,USD,126.539,USD,126.539,USD,126.539,126.539,,,
02/07/2025,USD,126.532,USD,126.532,USD,126.532,126.532,,,
03/07/2025,USD,126.525,USD,126.525,USD,126.525,126.525,,,
04/07/2025,USD,125.078,USD,125.078,USD,125.078,125.078,,,
07/07/2025,USD,127.017,USD,127.017,USD,127.017,127.017,,,
08/07/2025,USD,125.047,USD,125.047,USD,125.047,125.047,,,
09/07/2025,USD,125.004,USD,125.004,USD,125.004,125.004,,,
10/07/2025,USD,124.994,USD,124.994,USD,124.994,124.994,,,
11/07/2025,USD,125.17,USD,125.17,USD,125.17,125.17,,,
14/07/2025,USD,125.149,USD,125.149,USD,125.149,125.149,,,
15/07/2025,USD,125.139,USD,125.139,USD,125.139,125.139,,,
16/07/2025,USD,125.132,USD,125.132,USD,125.132,125.132,,,
17/07/2025,USD,125.124,USD,125.124,USD,125.124,125.124,,,
18/07/2025,USD,124.329,USD,124.329,USD,124.329,124.329,,,
21/07/2025,USD,124.308,USD,124.308,USD,124.308,124.308,,,
22/07/2025,USD,124.301,USD,124.301,USD,124.301,124.301,,,
23/07/2025,USD,124.294,USD,124.294,USD,124.294,124.294,,,
24/07/2025,USD,124.287,USD,124.287,USD,124.287,124.287,,,
25/07/2025,USD,124.517,USD,124.517,USD,124.517,124.517,,,
28/07/2025,USD,124.496,USD,124.496,USD,124.496,124.496,,,
29/07/2025,USD,124.489,USD,124.489,USD,124.489,124.489,,,
31/07/2025,USD,124.475,USD,124.475,USD,124.475,124.475,,,
04/08/2025,USD,124.452,USD,124.452,USD,124.452,124.452,,,
05/08/2025,USD,124.445,USD,124.445,USD,124.445,124.445,,,
06/08/2025,USD,124.438,USD,124.438,USD,124.438,124.438,,,
07/08/2025,USD,131.78,USD,131.78,USD,131.78,131.78,,,
08/08/2025,USD,131.77,USD,131.77,USD,131.77,131.77,,,
11/08/2025,USD,131.75,USD,131.75,USD,131.75,131.75,,,
12/08/2025,USD,131.74,USD,131.74,USD,131.74,131.74,,,
13/08/2025,USD,131.73,USD,131.73,USD,131.73,131.73,,,
14/08/2025,USD,131.72,USD,131.72,USD,131.72,131.72,,,
15/08/2025,USD,135.72,USD,135.72,USD,135.72,135.72,,,
18/08/2025,USD,135.69,USD,135.69,USD,135.69,135.69,,,
19/08/2025,USD,135.69,USD,135.69,USD,135.69,135.69,,,
20/08/2025,USD,135.68,USD,135.68,USD,135.68,135.68,,,
21/08/2025,USD,135.67,USD,135.67,USD,135.67,135.67,,,
22/08/2025,USD,147.47,USD,147.47,USD,147.47,147.47,,,
25/08/2025,USD,147.44,USD,147.44,USD,147.44,147.44,,,
26/08/2025,USD,147.44,USD,147.44,USD,147.44,147.44,,,
27/08/2025,USD,147.43,USD,147.43,USD,147.43,147.43,,,
28/08/2025,USD,147.42,USD,147.42,USD,147.42,147.42,,,
01/09/2025,USD,152.78,USD,152.78,USD,152.78,152.78,,,
02/09/2025,USD,152.77,USD,152.77,USD,152.77,152.77,,,
04/09/2025,USD,152.76,USD,152.76,USD,152.76,152.76,,,
05/09/2025,USD,154.21,USD,154.21,USD,154.21,154.21,,,
08/09/2025,USD,154.19,USD,154.19,USD,154.19,154.19,,,
09/09/2025,USD,154.18,USD,154.18,USD,154.18,154.18,,,
10/09/2025,USD,154.17,USD,154.17,USD,154.17,154.17,,,
11/09/2025,USD,154.16,USD,154.16,USD,154.16,154.16,,,
12/09/2025,USD,156.21,USD,156.21,USD,156.21,156.21,,,
15/09/2025,USD,156.18,USD,156.18,USD,156.18,156.18,,,
16/09/2025,USD,156.17,USD,156.17,USD,156.17,156.17,,,
17/09/2025,USD,156.16,USD,156.16,USD,156.16,156.16,,,
18/09/2025,USD,156.15,USD,156.15,USD,156.15,156.15,,,
19/09/2025,USD,158.74,USD,158.74,USD,158.74,158.74,,,
22/09/2025,USD,158.71,USD,158.71,USD,158.71,158.71,,,
23/09/2025,USD,158.7,USD,158.7,USD,158.7,158.7,,,
25/09/2025,USD,158.69,USD,158.69,USD,158.69,158.69,,,
26/09/2025,USD,158.68,USD,158.68,USD,158.68,158.68,,,
29/09/2025,USD,158.65,USD,158.65,USD,158.65,158.65,,,
30/09/2025,USD,161.9,USD,161.9,USD,161.9,161.9,,,
01/10/2025,USD,161.89,USD,161.89,USD,161.89,161.89,,,
02/10/2025,USD,161.88,USD,161.88,USD,161.88,161.88,,,
03/10/2025,USD,161.87,USD,161.87,USD,161.87,161.87,,,
06/10/2025,USD,160.5,USD,160.5,USD,160.5,160.5,,,
07/10/2025,USD,160.49,USD,160.49,USD,160.49,160.49,,,
08/10/2025,USD,160.48,USD,160.48,USD,160.48,160.48,,,
09/10/2025,USD,160.47,USD,160.47,USD,160.47,160.47,,,
13/10/2025,USD,163.14,USD,163.14,USD,163.14,163.14,,,
14/10/2025,USD,163.13,USD,163.13,USD,163.13,163.13,,,
16/10/2025,USD,167.16,USD,167.16,USD,167.16,167.16,,,
17/10/2025,USD,168.7,USD,168.7,USD,168.7,168.7,,,
22/10/2025,USD,164.56,USD,164.56,USD,164.56,164.56,,,
23/10/2025,USD,164.55,USD,164.55,USD,164.55,164.55,,,
24/10/2025,USD,161.15,USD,161.15,USD,161.15,161.15,,,
27/10/2025,USD,161.12,USD,161.12,USD,161.12,161.12,,,
28/10/2025,USD,161.11,USD,161.11,USD,161.11,161.11,,,
29/10/2025,USD,161.1,USD,161.1,USD,161.1,161.1,,,
30/10/2025,USD,161.09,USD,161.09,USD,161.09,161.09,,,
03/11/2025,USD,159.35,USD,159.35,USD,159.35,159.35,,,
04/11/2025,USD,159.34,USD,159.34,USD,159.34,159.34,,,
05/11/2025,USD,159.34,USD,159.34,USD,159.34,159.34,,,
06/11/2025,USD,159.33,USD,159.33,USD,159.33,159.33,,,
07/11/2025,USD,160,USD,160,USD,160,160,,,
10/11/2025,USD,159.97,USD,159.97,USD,159.97,159.97,,,
11/11/2025,USD,159.96,USD,159.96,USD,159.96,159.96,,,
14/11/2025,USD,166.53,USD,166.53,USD,166.53,166.53,,,
17/11/2025,USD,166.5,USD,166.5,USD,166.5,166.5,,,
18/11/2025,USD,166.49,USD,166.49,USD,166.49,166.49,,,
19/11/2025,USD,166.48,USD,166.48,USD,166.48,166.48,,,
20/11/2025,USD,166.47,USD,166.47,USD,166.47,166.47,,,
21/11/2025,USD,162.55,USD,162.55,USD,162.55,162.55,,,
24/11/2025,USD,162.52,USD,162.52,USD,162.52,162.52,,,
25/11/2025,USD,162.5,USD,162.5,USD,162.5,162.5,,,
26/11/2025,USD,162.49,USD,162.49,USD,162.49,162.49,,,
27/11/2025,USD,162.48,USD,162.48,USD,162.48,162.48,,,
28/11/2025,USD,180.36,USD,180.36,USD,180.36,180.36,,,
01/12/2025,USD,180.33,USD,180.33,USD,180.33,180.33,,,
02/12/2025,USD,180.33,USD,180.33,USD,180.33,180.33,,,
03/12/2025,USD,180.32,USD,180.32,USD,180.32,180.32,,,
04/12/2025,USD,180.31,USD,180.31,USD,180.31,180.31,,,
05/12/2025,USD,170.11,USD,170.11,USD,170.11,170.11,,,
08/12/2025,USD,170.08,USD,170.08,USD,170.08,170.08,,,
09/12/2025,USD,170.07,USD,170.07,USD,170.07,170.07,,,
11/12/2025,USD,170.05,USD,170.05,USD,170.05,170.05,,,
12/12/2025,USD,174.74,USD,174.74,USD,174.74,174.74,,,
15/12/2025,USD,174.71,USD,174.71,USD,174.71,174.71,,,
18/12/2025,USD,174.68,USD,174.68,USD,174.68,174.68,,,
19/12/2025,USD,175.54,USD,175.54,USD,175.54,175.54,,,
22/12/2025,USD,175.51,USD,175.51,USD,175.51,175.51,,,
23/12/2025,USD,175.5,USD,175.5,USD,175.5,175.5,,,
24/12/2025,USD,175.49,USD,175.49,USD,175.49,175.49,,,
29/12/2025,USD,175.43,USD,175.43,USD,175.43,175.43,,,
30/12/2025,USD,175.42,USD,175.42,USD,175.42,175.42,,,
05/01/2026,USD,175.36,USD,175.36,USD,175.36,175.36,,,
06/01/2026,USD,175.35,USD,175.35,USD,175.35,175.35,,,
07/01/2026,USD,175.35,USD,175.35,USD,175.35,175.35,,,
08/01/2026,USD,175.34,USD,175.34,USD,175.34,175.34,,,
12/01/2026,USD,188.43,USD,188.43,USD,188.43,188.43,,,
13/01/2026,USD,188.41,USD,188.41,USD,188.41,188.41,,,
14/01/2026,USD,188.39,USD,188.39,USD,188.39,188.39,,,
15/01/2026,USD,188.38,USD,188.38,USD,188.38,188.38,,,
16/01/2026,USD,188.62,USD,188.62,USD,188.62,188.62,,,
19/01/2026,USD,188.58,USD,188.58,USD,188.58,188.58,,,
20/01/2026,USD,188.57,USD,188.57,USD,188.57,188.57,,,
21/01/2026,USD,188.56,USD,188.56,USD,188.56,188.56,,,
22/01/2026,USD,188.55,USD,188.55,USD,188.55,188.55,,,
23/01/2026,USD,186.83,USD,186.83,USD,186.83,186.83,,,
29/01/2026,USD,186.751,USD,186.751,USD,186.751,186.751,,,
30/01/2026,USD,186.74,USD,186.74,USD,186.74,186.74,,,
02/02/2026,USD,186.71,USD,186.71,USD,186.71,186.71,,,
03/02/2026,USD,186.69,USD,186.69,USD,186.69,186.69,,,
04/02/2026,USD,186.68,USD,186.68,USD,186.68,186.68,,,
05/02/2026,USD,186.674,USD,186.674,USD,186.674,186.674,,,
10/02/2026,USD,187.384,USD,187.384,USD,187.384,187.384,,,
11/02/2026,USD,187.373,USD,187.373,USD,187.373,187.373,,,
12/02/2026,USD,187.362,USD,187.362,USD,187.362,187.362,,,
13/02/2026,USD,187.38,USD,187.38,USD,187.38,187.38,,,
17/02/2026,USD,187.337,USD,187.337,USD,187.337,187.337,,,
18/02/2026,USD,187.326,USD,187.326,USD,187.326,187.326,,,
19/02/2026,USD,187.109,USD,187.109,USD,187.109,187.109,,,
20/02/2026,USD,191.441,USD,191.441,USD,191.441,191.441,,,
23/02/2026,USD,191.388,USD,191.388,USD,191.388,191.388,,,
24/02/2026,USD,191.378,USD,191.378,USD,191.378,191.378,,,
25/02/2026,USD,191.367,USD,191.367,USD,191.367,191.367,,,
26/02/2026,USD,191.356,USD,191.356,USD,191.356,191.356,,,
27/02/2026,USD,188.571,USD,188.571,USD,188.571,188.571,,,
03/03/2026,USD,188.448,USD,188.448,USD,188.448,188.448,,,
04/03/2026,USD,188.438,USD,188.438,USD,188.438,188.438,,,
06/03/2026,USD,191.448,USD,191.448,USD,191.448,191.448,,,
09/03/2026,USD,191.145,USD,191.145,USD,191.145,191.145,,,
10/03/2026,USD,191.4,USD,191.4,USD,191.4,191.4,,,
12/03/2026,USD,191.379,USD,191.379,USD,191.379,191.379,,,
13/03/2026,USD,190.573,USD,190.573,USD,190.573,190.573,,,
16/03/2026,USD,188.006,USD,188.006,USD,188.006,188.006,,,
17/03/2026,USD,190.589,USD,190.589,USD,190.589,190.589,,,
18/03/2026,USD,190.578,USD,190.578,USD,190.578,190.578,,,
19/03/2026,USD,190.567,USD,190.567,USD,190.567,190.567,,,
20/03/2026,USD,190.65,USD,190.65,USD,190.65,190.65,,,
23/03/2026,USD,190.617,USD,190.617,USD,190.617,190.617,,,
25/03/2026,USD,190.532,USD,190.532,USD,190.532,190.532,,,
26/03/2026,USD,190.522,USD,190.522,USD,190.522,190.522,,,
27/03/2026,USD,190.422,USD,190.422,USD,190.422,190.422,,,
30/03/2026,USD,190.39,USD,190.39,USD,190.39,190.39,,,
31/03/2026,USD,190.364,USD,190.364,USD,190.364,190.364,,,
01/04/2026,USD,190.332,USD,190.332,USD,190.332,190.332,,,
07/04/2026,USD,190.266,USD,190.266,USD,190.266,190.266,,,
08/04/2026,USD,189.115,USD,189.115,USD,189.115,189.115,,,
09/04/2026,USD,189.104,USD,189.104,USD,189.104,189.104,,,
10/04/2026,USD,187.884,USD,187.884,USD,187.884,187.884,,,
13/04/2026,USD,187.852,USD,187.852,USD,187.852,187.852,,,
14/04/2026,USD,187.841,USD,187.841,USD,187.841,187.841,,,
15/04/2026,USD,187.83,USD,187.83,USD,187.83,187.83,,,
16/04/2026,USD,187.819,USD,187.819,USD,187.819,187.819,,,
17/04/2026,USD,188.396,USD,188.396,USD,188.396,188.396,,,
21/04/2026,USD,189.478,USD,189.478,USD,189.478,189.478,,,
22/04/2026,USD,189.207,USD,189.207,USD,189.207,189.207,,,
23/04/2026,USD,189.196,USD,189.196,USD,189.196,189.196,,,
27/04/2026,USD,193.443,USD,193.443,USD,193.443,193.443,,,
28/04/2026,USD,193.431,USD,193.431,USD,193.431,193.431,,,
04/05/2026,USD,193.365,USD,193.365,USD,193.365,193.365,,,
05/05/2026,USD,195.818,USD,195.818,USD,195.818,195.818,,,
07/05/2026,USD,195.767,USD,195.767,USD,195.767,195.767,,,
11/05/2026,USD,200.808,USD,200.808,USD,200.808,200.808,,,
12/05/2026,USD,200.808,USD,200.808,USD,200.808,200.808,,,
15/05/2026,USD,200.774,USD,200.774,USD,200.774,200.774,,,
19/05/2026,USD,205.397,USD,205.397,USD,205.397,205.397,,,
20/05/2026,USD,205.385,USD,205.385,USD,205.385,205.385,,,
22/05/2026,USD,205.363,USD,205.363,USD,205.363,205.363,,,
28/05/2026,USD,225.832,USD,225.832,USD,225.832,225.832,,,
29/05/2026,USD,216.884,USD,216.884,USD,216.884,216.884,,,
01/06/2026,USD,216.847,USD,216.847,USD,216.847,216.847,,,
03/06/2026,USD,216.817,USD,216.817,USD,216.817,216.817,,,
04/06/2026,USD,216.804,USD,216.804,USD,216.804,216.804,,,
05/06/2026,USD,214.544,USD,214.544,USD,214.544,214.544,,,
08/06/2026,USD,214.51,USD,214.51,USD,214.51,214.51,,,
10/06/2026,USD,214.485,USD,214.485,USD,214.485,214.485,,,
12/06/2026,USD,216.24,USD,216.24,USD,216.24,216.24,,,
17/06/2026,USD,216.172,USD,216.172,USD,216.172,216.172,,,
18/06/2026,USD,216.16,USD,216.16,USD,216.16,216.16,,,
19/06/2026,USD,225.861,USD,225.861,USD,225.861,225.861,,,
22/06/2026,USD,225.825,USD,225.825,USD,225.825,225.825,,,
23/06/2026,USD,225.812,USD,225.812,USD,225.812,225.812,,,
24/06/2026,USD,225.799,USD,225.799,USD,225.799,225.799,,,
26/06/2026,USD,224.997,USD,224.997,USD,224.997,224.997,,,
29/06/2026,USD,224.959,USD,224.959,USD,224.959,224.959,,,
30/06/2026,USD,224.992,USD,224.992,USD,224.992,224.992,,,
01/07/2026,USD,224.971,USD,224.971,USD,224.971,224.971,,,
03/07/2026,USD,222.386,USD,222.386,USD,222.386,222.386,,,
07/07/2026,USD,222.357,USD,222.357,USD,222.357,222.357,,,
09/07/2026,USD,222.313,USD,222.313,USD,222.313,222.313,,,
13/07/2026,USD,226.824,USD,226.824,USD,226.824,226.824,,,
15/07/2026,USD,226.798,USD,226.798,USD,226.798,226.798,,,
16/07/2026,USD,226.785,USD,226.785,USD,226.785,226.785,,,
17/07/2026,USD,221.274,USD,221.274,USD,221.274,221.274,,,
20/07/2026,USD,221.236,USD,221.236,USD,221.236,221.236,,,
21/07/2026,USD,221.224,USD,221.224,USD,221.224,221.224,,,
22/07/2026,USD,221.211,USD,221.211,USD,221.211,221.211,,,
23/07/2026,USD,221.199,USD,221.199,USD,221.199,221.199,,,
24/07/2026,USD,218.738,USD,218.738,USD,218.738,218.738,,,
27/07/2026,USD,218.703,USD,218.703,USD,218.703,218.703,,,
28/07/2026,USD,218.69,USD,218.69,USD,218.69,218.69,,,
29/07/2026,USD,218.678,USD,218.678,USD,218.678,218.678,,,
31/07/2026,USD,217.654,USD,217.654,USD,217.654,217.654,,,
03/08/2026,USD,217.616,USD,217.616,USD,217.616,217.616,,,
04/08/2026,USD,217.604,USD,217.604,USD,217.604,217.604,,,
06/08/2026,USD,217.582,USD,217.582,USD,217.582,217.582,,,
07/08/2026,USD,223.327,USD,223.327,USD,223.327,223.327,,,
10/08/2026,USD,223.297,USD,223.297,USD,223.297,223.297,,,
11/08/2026,USD,223.284,USD,223.284,USD,223.284,223.284,,,
12/08/2026,USD,223.272,USD,223.272,USD,223.272,223.272,,,
13/08/2026,USD,223.247,USD,223.247,USD,223.247,223.247,,,
17/08/2026,USD,228.202,USD,228.202,USD,228.202,228.202,,,
18/08/2026,USD,228.189,USD,228.189,USD,228.189,228.189,,,
19/08/2026,USD,228.176,USD,228.176,USD,228.176,228.176,,,
21/08/2026,USD,228.15,USD,228.15,USD,228.15,228.15,,,
24/08/2026,USD,228.126,USD,228.126,USD,228.126,228.126,,,
27/08/2026,USD,216.416,USD,216.416,USD,216.416,216.416,,,
28/08/2026,USD,213.332,USD,213.332,USD,213.332,213.332,,,
31/08/2026,USD,213.298,USD,213.298,USD,213.298,213.298,,,
01/09/2026,USD,213.286,USD,213.286,USD,213.286,213.286,,,
03/09/2026,USD,213.262,USD,213.262,USD,213.262,213.262,,,
04/09/2026,USD,215.526,USD,215.526,USD,215.526,215.526,,,
08/09/2026,USD,231.856,USD,231.856,USD,231.856,231.856,,,
09/09/2026,USD,231.845,USD,231.845,USD,231.845,231.845,,,
